{
    "name": "root",
    "metadata": {
        "timer_format_version": "0.1.0",
        "start_time_seconds": "1684431596",
        "python_version": "3.8.5 (default, Sep  3 2020, 21:29:08) [MSC v.1916 64 bit (AMD64)]",
        "command_line_arguments": "C:\\Users\\kaich\\Desktop\\CS Portfolio\\ML-Breakout\\python-envs\\ML-Breakout-env\\Scripts\\mlagents-learn config/my_config.yaml --env=my-builds --run-id=MyTestWithEnv",
        "mlagents_version": "0.29.0",
        "mlagents_envs_version": "0.29.0",
        "communication_protocol_version": "1.5.0",
        "pytorch_version": "1.7.1+cu110",
        "numpy_version": "1.21.2",
        "end_time_seconds": "1684431634"
    },
    "total": 38.1294681,
    "count": 1,
    "self": 0.01358229999999594,
    "children": {
        "run_training.setup": {
            "total": 0.22058339999999976,
            "count": 1,
            "self": 0.22058339999999976
        },
        "TrainerController.start_learning": {
            "total": 37.8953024,
            "count": 1,
            "self": 0.06775910000000351,
            "children": {
                "TrainerController._reset_env": {
                    "total": 12.2941644,
                    "count": 1,
                    "self": 9.6577358,
                    "children": {
                        "demo_to_buffer": {
                            "total": 2.6364286000000003,
                            "count": 1,
                            "self": 0.00010280000000051359,
                            "children": {
                                "load_demonstration": {
                                    "total": 0.040665600000000524,
                                    "count": 1,
                                    "self": 0.036011800000000704,
                                    "children": {
                                        "read_file": {
                                            "total": 0.004653799999999819,
                                            "count": 1,
                                            "self": 0.004653799999999819
                                        }
                                    }
                                },
                                "make_demo_buffer": {
                                    "total": 2.5956601999999993,
                                    "count": 1,
                                    "self": 0.2637612000000207,
                                    "children": {
                                        "steps_from_proto": {
                                            "total": 2.3318989999999786,
                                            "count": 4480,
                                            "self": 1.1212690000000993,
                                            "children": {
                                                "_process_rank_one_or_two_observation": {
                                                    "total": 1.2106299999998793,
                                                    "count": 35840,
                                                    "self": 1.2106299999998793
                                                }
                                            }
                                        }
                                    }
                                }
                            }
                        }
                    }
                },
                "TrainerController.advance": {
                    "total": 25.325175399999996,
                    "count": 2143,
                    "self": 0.05694179999987625,
                    "children": {
                        "env_step": {
                            "total": 24.58004440000011,
                            "count": 2143,
                            "self": 11.727874900000199,
                            "children": {
                                "SubprocessEnvManager._take_step": {
                                    "total": 12.812958299999975,
                                    "count": 2143,
                                    "self": 0.2017031000000742,
                                    "children": {
                                        "TorchPolicy.evaluate": {
                                            "total": 12.611255199999901,
                                            "count": 2119,
                                            "self": 4.5813701999999985,
                                            "children": {
                                                "TorchPolicy.sample_actions": {
                                                    "total": 8.029884999999902,
                                                    "count": 2119,
                                                    "self": 8.029884999999902
                                                }
                                            }
                                        }
                                    }
                                },
                                "workers": {
                                    "total": 0.03921119999993472,
                                    "count": 2142,
                                    "self": 0.0,
                                    "children": {
                                        "worker_root": {
                                            "total": 31.0959908000001,
                                            "count": 2142,
                                            "is_parallel": true,
                                            "self": 22.41134670000005,
                                            "children": {
                                                "steps_from_proto": {
                                                    "total": 0.006528900000000171,
                                                    "count": 1,
                                                    "is_parallel": true,
                                                    "self": 0.002777900000000777,
                                                    "children": {
                                                        "_process_rank_one_or_two_observation": {
                                                            "total": 0.0037509999999993937,
                                                            "count": 8,
                                                            "is_parallel": true,
                                                            "self": 0.0037509999999993937
                                                        }
                                                    }
                                                },
                                                "UnityEnvironment.step": {
                                                    "total": 8.67811520000005,
                                                    "count": 2142,
                                                    "is_parallel": true,
                                                    "self": 0.2680017999999791,
                                                    "children": {
                                                        "UnityEnvironment._generate_step_input": {
                                                            "total": 0.2296864000000003,
                                                            "count": 2142,
                                                            "is_parallel": true,
                                                            "self": 0.2296864000000003
                                                        },
                                                        "communicator.exchange": {
                                                            "total": 6.678196599999888,
                                                            "count": 2142,
                                                            "is_parallel": true,