{"count":1,"self":25.584902399999997,"total":97.4351507,"children":{"InitializeActuators":{"count":1,"self":0.0014981999999999999,"total":0.0014981999999999999,"children":null},"InitializeSensors":{"count":1,"self":0.0015027999999999999,"total":0.0015027999999999999,"children":null},"AgentSendState":{"count":12901,"self":0.0821903,"total":3.4264511,"children":{"CollectObservations":{"count":12901,"self":0.2558806,"total":0.2558806,"children":null},"WriteActionMask":{"count":12860,"self":0.011532299999999999,"total":0.011532299999999999,"children":null},"RequestDecision":{"count":12860,"self":0.0706326,"total":3.0768478999999997,"children":{"AgentInfo.ToProto":{"count":12860,"self":0.0766149,"total":3.0062153,"children":{"GenerateSensorData":{"count":12860,"self":2.9296004,"total":2.9296004,"children":null}}}}}}},"DecideAction":{"count":12860,"self":65.015929599999993,"total":65.0159276,"children":null},"AgentAct":{"count":12860,"self":3.4043691999999997,"total":3.4043693,"children":null}},"gauges":{},"metadata":{"timer_format_version":"0.1.0","start_time_seconds":"1684732103","unity_version":"2021.3.23f1","command_line_arguments":"C:\\Program Files\\Unity\\Hub\\Editor\\2021.3.23f1\\Editor\\Unity.exe -projectpath C:\\Users\\Jonny\\UnityProjects\\ML-Breakout -useHub -hubIPC -cloudEnvironment production","communication_protocol_version":"1.5.0","com.unity.ml-agents_version":"2.3.0-exp.4","scene_name":"Breakout","end_time_seconds":"1684732201"}}