{"count":1,"self":11.861816,"total":42.226938499999996,"children":{"InitializeActuators":{"count":1,"self":0.0020001999999999997,"total":0.0020001999999999997,"children":null},"InitializeSensors":{"count":1,"self":0.0015003999999999998,"total":0.0015003999999999998,"children":null},"AgentSendState":{"count":39551,"self":0.2186631,"total":6.1579286,"children":{"CollectObservations":{"count":39551,"self":5.8258108,"total":5.8258109,"children":null},"WriteActionMask":{"count":39551,"self":0.0334277,"total":0.0334277,"children":null},"RequestDecision":{"count":39551,"self":0.0800269,"total":0.0800269,"children":null}}},"DecideAction":{"count":39551,"self":23.983481599999998,"total":23.983480999999998,"children":null},"AgentAct":{"count":39551,"self":0.21971179999999998,"total":0.21971179999999998,"children":null}},"gauges":{"MovePaddle.CumulativeReward":{"count":39,"max":0.999997735,"min":-2.649956,"runningAverage":-1.13325441,"value":0.999997735,"weightedAverage":-0.428692341}},"metadata":{"timer_format_version":"0.1.0","start_time_seconds":"1684992097","unity_version":"2021.3.23f1","command_line_arguments":"C:\\Program Files\\Unity\\Hub\\Editor\\2021.3.23f1\\Editor\\Unity.exe -projectpath C:\\Users\\Jonny\\UnityProjects\\ML-Breakout -useHub -hubIPC -cloudEnvironment production","communication_protocol_version":"1.5.0","com.unity.ml-agents_version":"2.3.0-exp.4","scene_name":"Breakout","end_time_seconds":"1684992139"}}