{"count":1,"self":72.5424512,"total":74.0679633,"children":{"InitializeActuators":{"count":14,"self":0.0019997,"total":0.0019997,"children":null},"InitializeSensors":{"count":14,"self":0.0040831999999999995,"total":0.0040831999999999995,"children":null},"AgentSendState":{"count":3428,"self":0.0985938,"total":0.44802329999999996,"children":{"CollectObservations":{"count":550,"self":0.0027478999999999997,"total":0.0027478999999999997,"children":null},"WriteActionMask":{"count":550,"self":0.0020001999999999997,"total":0.0020001999999999997,"children":null},"RequestDecision":{"count":550,"self":0.34468139999999997,"total":0.34468139999999997,"children":null}}},"DecideAction":{"count":3428,"self":0.9536669,"total":0.95618929999999991,"children":{"RayPerceptionSensor.Perceive":{"count":243,"self":0.0025223999999999997,"total":0.0025223999999999997,"children":null}}},"AgentAct":{"count":3428,"self":0.1132151,"total":0.1132151,"children":null}},"gauges":{},"metadata":{"timer_format_version":"0.1.0","start_time_seconds":"1685985522","unity_version":"2021.3.23f1","command_line_arguments":"C:\\Program Files\\Unity\\Hub\\Editor\\2021.3.23f1\\Editor\\Unity.exe -projectpath C:\\Users\\kaich\\Desktop\\CS Portfolio\\ML-Breakout -useHub -hubIPC -cloudEnvironment production","communication_protocol_version":"1.5.0","com.unity.ml-agents_version":"2.3.0-exp.4","scene_name":"Breakout","end_time_seconds":"1685985596"}}