{
    "name": "root",
    "metadata": {
        "timer_format_version": "0.1.0",
        "start_time_seconds": "1683902345",
        "python_version": "3.8.5 (default, Sep  3 2020, 21:29:08) [MSC v.1916 64 bit (AMD64)]",
        "command_line_arguments": "C:\\Users\\kaich\\Desktop\\CS Portfolio\\ML-Breakout\\python-envs\\ML-Breakout-env\\Scripts\\mlagents-learn --run-id=test1",
        "mlagents_version": "0.29.0",
        "mlagents_envs_version": "0.29.0",
        "communication_protocol_version": "1.5.0",
        "pytorch_version": "1.7.1+cu110",
        "numpy_version": "1.21.2",
        "end_time_seconds": "1683902400"
    },
    "total": 55.804494899999995,
    "count": 1,
    "self": 0.012222599999994088,
    "children": {
        "run_training.setup": {
            "total": 0.14751449999999977,
            "count": 1,
            "self": 0.14751449999999977
        },
        "TrainerController.start_learning": {
            "total": 55.6447578,
            "count": 1,
            "self": 0.05756719999979509,
            "children": {
                "TrainerController._reset_env": {
                    "total": 15.0190089,
                    "count": 1,
                    "self": 15.0190089
                },
                "TrainerController.advance": {
                    "total": 40.30967580000021,
                    "count": 2023,
                    "self": 0.05324960000003642,
                    "children": {
                        "env_step": {
                            "total": 39.65584220000004,
                            "count": 2023,
                            "self": 25.345079600000183,
                            "children": {
                                "SubprocessEnvManager._take_step": {
                                    "total": 14.274170599999966,
                                    "count": 2023,
                                    "self": 0.1900911000001031,
                                    "children": {
                                        "TorchPolicy.evaluate": {
                                            "total": 14.084079499999863,
                                            "count": 2004,
                                            "self": 5.809516599999746,
                                            "children": {
                                                "TorchPolicy.sample_actions": {
                                                    "total": 8.274562900000117,
                                                    "count": 2004,
                                                    "self": 8.274562900000117
                                                }
                                            }
                                        }
                                    }
                                },
                                "workers": {
                                    "total": 0.036591999999888714,
                                    "count": 2022,
                                    "self": 0.0,
                                    "children": {
                                        "worker_root": {
                                            "total": 39.3422374999999,
                                            "count": 2022,
                                            "is_parallel": true,
                                            "self": 21.18163319999985,
                                            "children": {
                                                "steps_from_proto": {
                                                    "total": 0.005548700000000295,
                                                    "count": 1,
                                                    "is_parallel": true,
                                                    "self": 0.0023322999999972893,
                                                    "children": {
                                                        "_process_rank_one_or_two_observation": {
                                                            "total": 0.0032164000000030057,
                                                            "count": 8,
                                                            "is_parallel": true,
                                                            "self": 0.0032164000000030057
                                                        }
                                                    }
                                                },
                                                "UnityEnvironment.step": {
                                                    "total": 18.155055600000043,
                                                    "count": 2022,
                                                    "is_parallel": true,
                                                    "self": 0.23399059999994876,
                                                    "children": {
                                                        "UnityEnvironment._generate_step_input": {
                                                            "total": 0.220636900000045,
                                                            "count": 2022,
                                                            "is_parallel": true,
                                                            "self": 0.220636900000045
                                                        },
                                                        "communicator.exchange": {
                                                            "total": 16.332090599999937,
                                                            "count": 2022,
                                                            "is_parallel": true,
                                                            "self": 16.332090599999937
                                                        },
                                                        "steps_from_proto": {
                                                            "total": 1.3683375000001128,
                                                            "count": 2022,
                                                            "is_parallel": true,
                                                            "self": 0.6486165000001982,
                                                            "children": {
                                                                "_process_rank_one_or_two_observation": {
                                                                    "total": 0.7197209999999146,
                                                                    "count": 16176,
                                                                    "is_parallel": true,
                                                                    "self": 0.7197209999999146
                                                                }
                                                            }
                                                        }
                                                    }
                                                }
                                            }
                                        }
                                    }
                                }
                            }
                        },
                        "trainer_advance": {
                            "total": 0.6005840000001328,
                            "count": 2022,
                            "self": 0.06623130000014044,
                            "children": {
                                "process_trajectory": {
                                    "total": 0.5343526999999924,
                                    "count": 2022,
                                    "self": 0.5343526999999924
                                }
                            }
                        }
                    }
                },