{
    "name": "root",
    "gauges": {
        "MyBehavior.Policy.Entropy.mean": {
            "value": 1.9087090492248535,
            "min": 1.7552088499069214,
            "max": 1.9553815126419067,
            "count": 11
        },
        "MyBehavior.Policy.Entropy.sum": {
            "value": 95286.5703125,
            "min": 87969.3125,
            "max": 97737.7890625,
            "count": 11
        },
        "MyBehavior.Step.mean": {
            "value": 1049997.0,
            "min": 549990.0,
            "max": 1049997.0,
            "count": 11
        },
        "MyBehavior.Step.sum": {
            "value": 1049997.0,
            "min": 549990.0,
            "max": 1049997.0,
            "count": 11
        },
        "MyBehavior.Policy.ExtrinsicValueEstimate.mean": {
            "value": 0.11970370262861252,
            "min": -0.019621456041932106,
            "max": 0.11970370262861252,
            "count": 11
        },
        "MyBehavior.Policy.ExtrinsicValueEstimate.sum": {
            "value": 96.84029388427734,
            "min": -16.560508728027344,
            "max": 96.84029388427734,
            "count": 11
        },
        "MyBehavior.Policy.GailValueEstimate.mean": {
            "value": 22.70322608947754,
            "min": 21.877004623413086,
            "max": 22.990713119506836,
            "count": 11
        },
        "MyBehavior.Policy.GailValueEstimate.sum": {
            "value": 18366.91015625,
            "min": 18087.138671875,
            "max": 18829.39453125,
            "count": 11
        },
        "MyBehavior.Environment.EpisodeLength.mean": {
            "value": 820.765625,
            "min": 371.928,
            "max": 820.765625,
            "count": 11
        },
        "MyBehavior.Environment.EpisodeLength.sum": {
            "value": 52529.0,
            "min": 45496.0,
            "max": 52529.0,
            "count": 11
        },
        "MyBehavior.Environment.CumulativeReward.mean": {
            "value": 1.3906250572763383,
            "min": -0.05199997782707214,
            "max": 1.3906250572763383,
            "count": 11
        },
        "MyBehavior.Environment.CumulativeReward.sum": {
            "value": 89.00000366568565,
            "min": -6.499997228384018,
            "max": 89.00000366568565,
            "count": 11
        },
        "MyBehavior.Policy.ExtrinsicReward.mean": {
            "value": 1.3906250572763383,
            "min": -0.05199997782707214,
            "max": 1.3906250572763383,
            "count": 11
        },
        "MyBehavior.Policy.ExtrinsicReward.sum": {
            "value": 89.00000366568565,
            "min": -6.499997228384018,
            "max": 89.00000366568565,
            "count": 11
        },
        "MyBehavior.Policy.GailReward.mean": {
            "value": 220.11671977490187,
            "min": 103.01420234119892,
            "max": 220.11671977490187,
            "count": 11
        },
        "MyBehavior.Policy.GailReward.sum": {
            "value": 14087.47006559372,
            "min": 11252.520109087229,
            "max": 14233.90447562933,
            "count": 11
        },
        "MyBehavior.Losses.PolicyLoss.mean": {
            "value": 0.023689509149019915,
            "min": 0.02053513019656141,
            "max": 0.024625890804454688,
            "count": 11
        },
        "MyBehavior.Losses.PolicyLoss.sum": {
            "value": 0.11844754574509958,
            "min": 0.08654222750337795,
            "max": 0.12312945402227343,
            "count": 11
        },
        "MyBehavior.Losses.ValueLoss.mean": {
            "value": 3.0361284232139587,
            "min": 2.7985920842488605,
            "max": 4.79214001695315,
            "count": 11
        },
        "MyBehavior.Losses.ValueLoss.sum": {
            "value": 15.180642116069794,
            "min": 13.992960421244304,
            "max": 22.218896746635437,
            "count": 11
        },
        "MyBehavior.Policy.LearningRate.mean": {
            "value": 0.00023855654048116,
            "min": 0.00023855654048116,
            "max": 0.00026844818551727495,
            "count": 11
        },
        "MyBehavior.Policy.LearningRate.sum": {
            "value": 0.0011927827024058,
            "min": 0.0009899757700081,
            "max": 0.00132836783721074,
            "count": 11
        },
        "MyBehavior.Policy.Epsilon.mean": {
            "value": 0.17951884,
            "min": 0.17951884,
            "max": 0.18948272500000005,
            "count": 11
        },
        "MyBehavior.Policy.Epsilon.sum": {
            "value": 0.8975942,
            "min": 0.7299918999999998,
            "max": 0.9427892600000001,
            "count": 11
        },
        "MyBehavior.Policy.Beta.mean": {
            "value": 0.003977990116,
            "min": 0.003977990116,
            "max": 0.0044751879775,
            "count": 11
        },
        "MyBehavior.Policy.Beta.sum": {
            "value": 0.019889950580000003,
            "min": 0.016506595810000003,
            "max": 0.022145184074,
            "count": 11
        },
        "MyBehavior.Policy.GAILPolicyEstimate.mean": {
            "value": 0.389479470650355,
            "min": 0.37292024453481043,
            "max": 0.39835811376571656,
            "count": 11
        },
        "MyBehavior.Policy.GAILPolicyEstimate.sum": {
            "value": 1.947397353251775,
            "min": 1.5656262685855231,
            "max": 1.9917905688285829,
            "count": 11
        },
        "MyBehavior.Policy.GAILExpertEstimate.mean": {
            "value": 0.6239085117975871,
            "min": 0.6143207584818204,
            "max": 0.6344121996561686,
            "count": 11
        },
        "MyBehavior.Policy.GAILExpertEstimate.sum": {
            "value": 3.1195425589879355,
            "min": 2.4572830339272818,
            "max": 3.172060998280843,
            "count": 11
        },
        "MyBehavior.Losses.GAILLoss.mean": {
            "value": 1.043885464668274,
            "min": 1.0002935592333475,
            "max": 1.056450671950976,
            "count": 11
        },
        "MyBehavior.Losses.GAILLoss.sum": {
            "value": 5.21942732334137,
            "min": 4.190442119042078,
            "max": 5.279974446694056,
            "count": 11
        },
        "MyBehavior.Policy.GAILGradMagLoss.mean": {
            "value": 0.052682097231348354,
            "min": 0.04808056717117627,
            "max": 0.054911036367217704,
            "count": 11
        },
        "MyBehavior.Policy.GAILGradMagLoss.sum": {
            "value": 0.2634104861567418,
            "min": 0.19624700012306373,
            "max": 0.2745551818360885,
            "count": 11
        },
        "MyBehavior.IsTraining.mean": {
            "value": 1.0,
            "min": 1.0,
            "max": 1.0,
            "count": 11
        },
        "MyBehavior.IsTraining.sum": {
            "value": 1.0,
            "min": 1.0,
            "max": 1.0,
            "count": 11
        }
    },
    "metadata": {
        "timer_format_version": "0.1.0",
        "start_time_seconds": "1684440523",
        "python_version": "3.8.5 (default, Sep  3 2020, 21:29:08) [MSC v.1916 64 bit (AMD64)]",
        "command_line_arguments": "C:\\Users\\kaich\\Desktop\\CS Portfolio\\ML-Breakout\\python-envs\\ML-Breakout-env\\Scripts\\mlagents-learn config/my_config.yaml --env=my-builds --num-envs=10 --run-id=MyTestWithNumEnvs --resume",
        "mlagents_version": "0.29.0",
        "mlagents_envs_version": "0.29.0",
        "communication_protocol_version": "1.5.0",
        "pytorch_version": "1.7.1+cu110",
        "numpy_version": "1.21.2",
        "end_time_seconds": "1684445311"
    },
    "total": 4787.4207354,
    "count": 1,
    "self": 10.015498499999921,
    "children": {
        "run_training.setup": {
            "total": 4.3012912,
            "count": 1,
            "self": 4.3012912
        },