{
    "name": "root",
    "gauges": {
        "MyBehavior.Policy.Entropy.mean": {
            "value": 1.9952919483184814,
            "min": 1.9785943031311035,
            "max": 1.9952919483184814,
            "count": 5
        },
        "MyBehavior.Policy.Entropy.sum": {
            "value": 99818.46875,
            "min": 46843.21875,
            "max": 99818.46875,
            "count": 5
        },
        "MyBehavior.Step.mean": {
            "value": 1499987.0,
            "min": 1299947.0,
            "max": 1499987.0,
            "count": 5
        },
        "MyBehavior.Step.sum": {
            "value": 1499987.0,
            "min": 1299947.0,
            "max": 1499987.0,
            "count": 5
        },
        "MyBehavior.Policy.ExtrinsicValueEstimate.mean": {
            "value": 0.1491692066192627,
            "min": 0.10291465371847153,
            "max": 0.1491692066192627,
            "count": 5
        },
        "MyBehavior.Policy.ExtrinsicValueEstimate.sum": {
            "value": 122.02041625976562,
            "min": 39.51922607421875,
            "max": 122.02041625976562,
            "count": 5
        },
        "MyBehavior.Policy.GailValueEstimate.mean": {
            "value": 4.516643524169922,
            "min": 4.516643524169922,
            "max": 5.105785846710205,
            "count": 5
        },
        "MyBehavior.Policy.GailValueEstimate.sum": {
            "value": 3694.6142578125,
            "min": 1960.621826171875,
            "max": 4005.74658203125,
            "count": 5
        },
        "MyBehavior.Environment.EpisodeLength.mean": {
            "value": 678.6621621621622,
            "min": 485.97297297297297,
            "max": 698.5074626865671,
            "count": 5
        },
        "MyBehavior.Environment.EpisodeLength.sum": {
            "value": 50221.0,
            "min": 17981.0,
            "max": 51893.0,
            "count": 5
        },
        "MyBehavior.Environment.CumulativeReward.mean": {
            "value": 1.2797297747755372,
            "min": 0.6810811200254673,
            "max": 1.2985075118381586,
            "count": 5
        },
        "MyBehavior.Environment.CumulativeReward.sum": {
            "value": 94.70000333338976,
            "min": 25.200001440942287,
            "max": 94.70000333338976,
            "count": 5
        },
        "MyBehavior.Policy.ExtrinsicReward.mean": {
            "value": 1.2797297747755372,
            "min": 0.6810811200254673,
            "max": 1.2985075118381586,
            "count": 5
        },
        "MyBehavior.Policy.ExtrinsicReward.sum": {
            "value": 94.70000333338976,
            "min": 25.200001440942287,
            "max": 94.70000333338976,
            "count": 5
        },
        "MyBehavior.Policy.GailReward.mean": {
            "value": 34.036194224262964,
            "min": 25.082594083773124,
            "max": 35.56856765322832,
            "count": 5
        },
        "MyBehavior.Policy.GailReward.sum": {
            "value": 2518.678372595459,
            "min": 928.0559810996056,
            "max": 2707.3788986578584,
            "count": 5
        },
        "MyBehavior.Losses.PolicyLoss.mean": {
            "value": 0.023363285756980382,
            "min": 0.023363285756980382,
            "max": 0.027825889332840838,
            "count": 5
        },
        "MyBehavior.Losses.PolicyLoss.sum": {
            "value": 0.11681642878490191,
            "min": 0.055651778665681675,
            "max": 0.13091130697478853,
            "count": 5
        },
        "MyBehavior.Losses.ValueLoss.mean": {
            "value": 0.1450650175909201,
            "min": 0.1450650175909201,
            "max": 0.19510935992002487,
            "count": 5
        },
        "MyBehavior.Losses.ValueLoss.sum": {
            "value": 0.7253250879546006,
            "min": 0.39021871984004974,
            "max": 0.9082406697173915,
            "count": 5
        },
        "MyBehavior.Policy.LearningRate.mean": {
            "value": 0.00021170155743282392,
            "min": 0.00021170155743282392,
            "max": 0.00022248311583897008,
            "count": 5
        },
        "MyBehavior.Policy.LearningRate.sum": {
            "value": 0.0010585077871641197,
            "min": 0.00044496623167794016,
            "max": 0.0011016355327882,
            "count": 5
        },
        "MyBehavior.Policy.Epsilon.mean": {
            "value": 0.170567176,
            "min": 0.170567176,
            "max": 0.17416103,
            "count": 5
        },
        "MyBehavior.Policy.Epsilon.sum": {
            "value": 0.85283588,
            "min": 0.34832206,
            "max": 0.8672118,
            "count": 5
        },
        "MyBehavior.Policy.Beta.mean": {
            "value": 0.003531302082399999,
            "min": 0.003531302082399999,
            "max": 0.0037106353970000018,
            "count": 5
        },
        "MyBehavior.Policy.Beta.sum": {
            "value": 0.017656510411999997,
            "min": 0.0074212707940000035,
            "max": 0.01837386882,
            "count": 5
        },
        "MyBehavior.Policy.GAILPolicyEstimate.mean": {
            "value": 0.35938696384429936,
            "min": 0.3563062623143196,
            "max": 0.3714873611927032,
            "count": 5
        },
        "MyBehavior.Policy.GAILPolicyEstimate.sum": {
            "value": 1.7969348192214967,
            "min": 0.7126125246286392,
            "max": 1.857436805963516,
            "count": 5
        },
        "MyBehavior.Policy.GAILExpertEstimate.mean": {
            "value": 0.6541541810830435,
            "min": 0.6399781858921052,
            "max": 0.6558361142873763,
            "count": 5
        },
        "MyBehavior.Policy.GAILExpertEstimate.sum": {
            "value": 3.270770905415217,
            "min": 1.3116722285747526,
            "max": 3.270770905415217,
            "count": 5
        },
        "MyBehavior.Losses.GAILLoss.mean": {
            "value": 0.9533958629767099,
            "min": 0.9455503563086192,
            "max": 0.9951590585708617,
            "count": 5
        },
        "MyBehavior.Losses.GAILLoss.sum": {
            "value": 4.7669793148835495,
            "min": 1.8911007126172383,
            "max": 4.9757952928543085,
            "count": 5
        },
        "MyBehavior.Policy.GAILGradMagLoss.mean": {
            "value": 0.059350263128678006,
            "min": 0.05238997131586075,
            "max": 0.059350263128678006,
            "count": 5
        },
        "MyBehavior.Policy.GAILGradMagLoss.sum": {
            "value": 0.29675131564339,
            "min": 0.11787216886878013,
            "max": 0.29675131564339,
            "count": 5
        },
        "MyBehavior.IsTraining.mean": {
            "value": 1.0,
            "min": 1.0,
            "max": 1.0,
            "count": 5
        },
        "MyBehavior.IsTraining.sum": {
            "value": 1.0,
            "min": 1.0,
            "max": 1.0,
            "count": 5
        }
    },
    "metadata": {
        "timer_format_version": "0.1.0",
        "start_time_seconds": "1684535323",
        "python_version": "3.8.5 (default, Sep  3 2020, 21:29:08) [MSC v.1916 64 bit (AMD64)]",
        "command_line_arguments": "C:\\Users\\kaich\\Desktop\\CS Portfolio\\ML-Breakout\\python-envs\\ML-Breakout-env\\Scripts\\mlagents-learn config/my_config.yaml --env=my-builds --num-envs=10 --run-id=MyTestWithNumEnvs1-NewRays --resume",
        "mlagents_version": "0.29.0",
        "mlagents_envs_version": "0.29.0",
        "communication_protocol_version": "1.5.0",
        "pytorch_version": "1.7.1+cu110",
        "numpy_version": "1.21.2",
        "end_time_seconds": "1684537676"
    },
    "total": 2353.2219671000003,
    "count": 1,
    "self": 10.016399800000272,
    "children": {
        "run_training.setup": {
            "total": 3.9137023,
            "count": 1,
            "self": 3.9137023
        },